
insert into employee (employee_id,firstname,lastname,boss_employee_id,wage,additionalincome,dateofbirth,gender) values (10, 'Alfred',  'Allen', NULL, 10000.00, 100.00, '1987-01-01',"Male");
insert into employee (employee_id,firstname,lastname,boss_employee_id,wage,additionalincome,dateofbirth,gender) values (20, 'Axel', 'Nix',    10,   20000.00,   0.00, '1955-12-01',"Male");
insert into employee (employee_id,firstname,lastname,boss_employee_id,wage,additionalincome,dateofbirth,gender) values (30, 'Lara',   'Penny',      10,   15000.00,   NULL, '1947-05-11',"Female");
insert into employee (employee_id,firstname,lastname,boss_employee_id,wage,additionalincome,dateofbirth,gender) values (40, 'Benedict',  'Nicholson',    20,    8000.00,   NULL, '1933-06-01',"Male");
insert into employee (employee_id,firstname,lastname,boss_employee_id,wage,additionalincome,dateofbirth,gender) values (50, 'Aiken','Devore',20,   40000.00,   NULL, '1974-01-07',"Male");
insert into employee (employee_id,firstname,lastname,boss_employee_id,wage,additionalincome,dateofbirth,gender) values (60, 'Ursa',  'Correa',    20,   20000.00,   NULL, '1945-07-01',"Female");
insert into employee (employee_id,firstname,lastname,boss_employee_id,wage,additionalincome,dateofbirth,gender) values (70, 'Martin',  'Wirth',     30,   35000.00,   NULL, '1933-01-01',"Male");
insert into employee (employee_id,firstname,lastname,boss_employee_id,wage,additionalincome,dateofbirth,gender) values (80, 'Norman', 'Jones',   30,    9000.00,   NULL, '1939-07-31',"Male");
insert into employee (employee_id,firstname,lastname,boss_employee_id,wage,additionalincome,dateofbirth,gender) values (90, 'Miles', 'Arevalo', 30,    6000.00,   NULL, '1940-04-01',"Male");
insert into employee (employee_id,firstname,lastname,boss_employee_id,wage,additionalincome,dateofbirth,gender) values (100,'William',  'Jewett',    50,   32000.00,   NULL, '1947-09-10',"Male");
insert into employee (employee_id,firstname,lastname,boss_employee_id,wage,additionalincome,dateofbirth,gender) values (110,'Paul',  'Hebert',    50,   10000.00,   NULL, '1978-01-01',"Male");
insert into employee (employee_id,firstname,lastname,boss_employee_id,wage,additionalincome,dateofbirth,gender) values (120,'Russell', 'Ulrich',   70,    9500.00,   NULL, '1970-10-21',"Male");
insert into employee (employee_id,firstname,lastname,boss_employee_id,wage,additionalincome,dateofbirth,gender) values (130,'April',  'Hong',    70,    8700.00,   NULL, '1948-11-11',"Female");
insert into employee (employee_id,firstname,lastname,boss_employee_id,wage,additionalincome,dateofbirth,gender) values (140,'Arleen',   'Cordell',     70,   10000.00,   NULL, '1933-12-31',"Female");
insert into employee (employee_id,firstname,lastname,boss_employee_id,wage,additionalincome,dateofbirth,gender) values (150,'Edana',  'Packer',    70,   20000.00,   NULL, '1939-01-21',"Female");
insert into employee (employee_id,firstname,lastname,boss_employee_id,wage,additionalincome,dateofbirth,gender) values (160,'Eliza',  'Leon',    70,   10000.00,   NULL, '1940-07-13',"Female");
insert into employee (employee_id,firstname,lastname,boss_employee_id,wage,additionalincome,dateofbirth,gender) values (170,'Ella',  'Camp',    70,   20000.00,   NULL, '1970-07-13',"Female");
insert into employee (employee_id,firstname,lastname,boss_employee_id,wage,additionalincome,dateofbirth,gender) values (180,'Elvira',  'Bach',    70,   32000.00,   NULL, '1980-07-20',"Female");
insert into employee (employee_id,firstname,lastname,boss_employee_id,wage,additionalincome,dateofbirth,gender) values (190,'Olive',  'Brinkley',    70,   35000.00,   NULL, '1971-12-20',"Female");
insert into employee (employee_id,firstname,lastname,boss_employee_id,wage,additionalincome,dateofbirth,gender) values (200,'Oriel',  'Lo',    70,   35000.00,   NULL, '1975-12-10',"Female");
insert into employee (employee_id,firstname,lastname,boss_employee_id,wage,additionalincome,dateofbirth,gender) values (210,'Ula',  'Brooks',    70,   35000.00,   NULL, '1975-12-10',"Female");
insert into employee (employee_id,firstname,lastname,boss_employee_id,wage,additionalincome,dateofbirth,gender) values (230,'Lynn',  'Phillips',    70,   35000.00,   NULL, '1975-12-10',"Female");
commit;

insert into project (project_id,projectmanager_employee_id,name,purchaser) values (10,100, 'Boomerang Essential','TE-TO');
insert into project (project_id,projectmanager_employee_id,name,purchaser) values (20, 70, 'Neutron','FADIP');
insert into project (project_id,projectmanager_employee_id,name,purchaser) values (30, 50, 'Hammer','ElektroLux');
insert into project (project_id,projectmanager_employee_id,name,purchaser) values (40, 50, 'Warehouse','Sintelon');
insert into project (project_id,projectmanager_employee_id,name,purchaser) values (50, 70, 'Dijete','KBC');
insert into project (project_id,projectmanager_employee_id,name,purchaser) values (60,100, 'Western Weather','Dafiscan');
commit;

insert into employees_projects (projects_project_id,employees_employee_id) values (30, 50);
insert into employees_projects (projects_project_id,employees_employee_id) values (40, 50);
insert into employees_projects (projects_project_id,employees_employee_id) values (20, 70);
insert into employees_projects (projects_project_id,employees_employee_id) values (50, 70);
insert into employees_projects (projects_project_id,employees_employee_id) values (10,100);
insert into employees_projects (projects_project_id,employees_employee_id) values (60,100);
insert into employees_projects (projects_project_id,employees_employee_id) values (10, 10);
insert into employees_projects (projects_project_id,employees_employee_id) values (10, 50);
insert into employees_projects (projects_project_id,employees_employee_id) values (10,130);
insert into employees_projects (projects_project_id,employees_employee_id) values (20,120);
insert into employees_projects (projects_project_id,employees_employee_id) values (20,110);
insert into employees_projects (projects_project_id,employees_employee_id) values (20, 20);
insert into employees_projects (projects_project_id,employees_employee_id) values (30, 30);
insert into employees_projects (projects_project_id,employees_employee_id) values (30, 10);
insert into employees_projects (projects_project_id,employees_employee_id) values (30, 60);
insert into employees_projects (projects_project_id,employees_employee_id) values (30, 80);
insert into employees_projects (projects_project_id,employees_employee_id) values (40, 90);
insert into employees_projects (projects_project_id,employees_employee_id) values (40, 30);
insert into employees_projects (projects_project_id,employees_employee_id) values (40,110);
insert into employees_projects (projects_project_id,employees_employee_id) values (40,120);
insert into employees_projects (projects_project_id,employees_employee_id) values (50,120);
insert into employees_projects (projects_project_id,employees_employee_id) values (50, 60);
insert into employees_projects (projects_project_id,employees_employee_id) values (60, 40);
insert into employees_projects (projects_project_id,employees_employee_id) values (60,140);
insert into employees_projects (projects_project_id,employees_employee_id) values (60,150);
commit;